n,pass@1,recovery_rate,mean_s,median_s,p95_s,total_mutating_steps,num_blocked,num_revised,num_ask_user,method
30,0.36666666666666664,0.375,28.232000000000003,27.99,52.71,38,0,0,1,oracle
30,0.23333333333333334,0.1875,40.035,40.81,84.33,55,30,0,13,ours
30,0.5666666666666667,0.5625,72.25766666666667,56.41,205.96,47,0,0,0,reflexion
30,0.3,0.4375,34.71066666666666,32.04,75.08,63,13,11,16,saber
30,0.4,0.1875,28.774,27.31,49.4,42,0,0,0,vanilla
